{"dataBrash":{"opacity":0.0,"hardness":6.7076592445373539,"size":0.09546886384487152,"color":{"r":0.4798800051212311,"g":0.45265650749206545,"b":0.6110785007476807,"a":1.0}}}